Patch Panel;Porta;id;Origem;Porta_Origem;Destino;Porta Destino;Teste;Gigabit
PP-A1;1;PP-A11;;;;;;
PP-A1;2;PP-A12;;;;;;
PP-A1;3;PP-A13;;;;;;
PP-A1;4;PP-A14;;;;;;
PP-A1;5;PP-A15;AP-01;;AP-ADM;;;
PP-A1;6;PP-A16;SW-A;6;Sala3;4;;
PP-A1;7;PP-A17;SW-A;7;Ilha1;1;;
PP-A1;8;PP-A18;SW-A;8;Ilha1;2;;
PP-A1;9;PP-A19;SW-A;9;Ilha1;3;;
PP-A1;10;PP-A110;SW-A;10;Ilha1;4;;
PP-A1;11;PP-A111;SW-A;11;Ilha1;5;;
PP-A1;12;PP-A112;SW-A;12;Ilha1;6;;
PP-A1;13;PP-A113;SW-A;13;Ilha2;1;;
PP-A1;14;PP-A114;SW-A;14;Ilha2;2;;
PP-A1;15;PP-A115;SW-A;15;Ilha2;3;;
PP-A1;16;PP-A116;SW-A;16;Ilha2;4;;
PP-A1;17;PP-A117;SW-A;17;Ilha2;5;;
PP-A1;18;PP-A118;SW-A;18;Ilha2;6;;
PP-A1;19;PP-A119;SW-A;19;Sala4;4;;
PP-A1;20;PP-A120;SW-A;20;Sala4;5;;
PP-A1;21;PP-A121;SW-A;21;Sala4;6;;
PP-A1;22;PP-A122;SW-A;22;Sala5;1;;
PP-A1;23;PP-A123;SW-A;23;Sala5;2;;
PP-A1;24;PP-A124;SW-A;24;Sala5;3;;
PP-A2;1;PP-A21;SW-A;25;Sala5;4;;
PP-A2;2;PP-A22;SW-A;26;Sala5;5;;
PP-A2;3;PP-A23;SW-A;27;Sala5;6;;
PP-A2;4;PP-A24;SW-A;28;Prod6;1;;
PP-A2;5;PP-A25;SW-A;29;Sala6;1;;
PP-A2;6;PP-A26;SW-A;30;Sala6;2;;
PP-A2;7;PP-A27;SW-A;31;Sala6;3;;
PP-A2;8;PP-A28;SW-A;32;Sala6;4;;
PP-A2;9;PP-A29;SW-A;33;Sala7;1;;
PP-A2;10;PP-A210;SW-A;34;Sala7;2;;
PP-A2;11;PP-A211;SW-A;35;Sala7;3;;
PP-A2;12;PP-A212;SW-A;36;Sala7;4;;
PP-A2;13;PP-A213;SW-A;37;Sala8;1;;
PP-A2;14;PP-A214;;;;;;
PP-A2;15;PP-A215;SW-A;39;Sala8;2;;
PP-A2;16;PP-A216;SW-A;40;Sala8;3;;
PP-A2;17;PP-A217;SW-A;41;Sala8;4;;
PP-A2;18;PP-A218;SW-A;42;Sala10;1;;
PP-A2;19;PP-A219;SW-A;43;Ilha5;4;;
PP-A2;20;PP-A220;;;;;;
PP-A2;21;PP-A221;;;;;;
PP-A2;22;PP-A222;;;;;;
PP-A2;23;PP-A223;;;;;;
PP-A2;24;PP-A224;;;;;;
PP-B;1;PP-B1;SW-B;1;Prod1;1;;
PP-B;2;PP-B2;SW-B;2;Prod1;2;;
PP-B;3;PP-B3;SW-B;3;Prod1;3;;
PP-B;4;PP-B4;SW-B;4;Prod2;1;;
PP-B;5;PP-B5;SW-B;5;Prod2;2;;
PP-B;6;PP-B6;SW-B;6;Prod3;1;;
PP-B;7;PP-B7;SW-B;7;Prod3;2;;
PP-B;8;PP-B8;SW-B;8;Prod4;1;;
PP-B;9;PP-B9;SW-B;9;Prod4;2;;
PP-B;10;PP-B10;SW-B;10;Prod4;3;;
PP-B;11;PP-B11;SW-B;11;Prod4;4;;
PP-B;12;PP-B12;SW-B;12;Prod5;1;;
PP-B;13;PP-B13;SW-B;13;Prod5;2;;
PP-B;14;PP-B14;SW-POE;2;AP2;1;Ap Producao;
PP-B;15;PP-B15;SW-B;15;Sala1;1;;
PP-B;16;PP-B16;SW-B;16;Sala1;2;;
PP-B;17;PP-B17;SW-B;17;Sala2;1;;
PP-B;18;PP-B18;SW-B;18;Sala2;2;;
PP-B;19;PP-B19;SW-B;19;Sala3;1;;
PP-B;20;PP-B20;SW-B;20;Sala3;2;;
PP-B;21;PP-B21;SW-B;21;Sala3;3;;
PP-B;22;PP-B22;SW-B;22;Sala9;1;;
PP-B;23;PP-B23;SW-B;23;Sala9;2;;
PP-B;24;PP-B24;;;;;;
PP-C;1;PP-C1;SW-C;1;Ilha3;1;;
PP-C;2;PP-C2;SW-C;2;Ilha3;2;;
PP-C;3;PP-C3;SW-C;3;Ilha3;3;;
PP-C;4;PP-C4;SW-C;4;Ilha3;4;;
PP-C;5;PP-C5;SW-C;5;Ilha3;5;;
PP-C;6;PP-C6;SW-C;6;Ilha3;6;;
PP-C;7;PP-C7;SW-C;7;Ilha4;1;;
PP-C;8;PP-C8;SW-C;8;Ilha4;2;;
PP-C;9;PP-C9;SW-C;9;Ilha4;3;;
PP-C;10;PP-C10;SW-C;10;Ilha4;4;;
PP-C;11;PP-C11;SW-C;11;Ilha4;5;;
PP-C;12;PP-C12;SW-C;12;Ilha4;6;;
PP-C;13;PP-C13;SW-C;13;Ilha5;1;;
PP-C;14;PP-C14;SW-C;14;Ilha5;2;;
PP-C;15;PP-C15;SW-C;15;Ilha5;3;;
PP-C;16;PP-C16;;;;;;
PP-C;17;PP-C17;;;;;;
PP-C;18;PP-C18;;;;;;
PP-C;19;PP-C19;;;;;;
PP-C;20;PP-C20;;;;;;
PP-C;21;PP-C21;;;;;;
PP-C;22;PP-C22;;;;;;
PP-C;23;PP-C23;;;;;;
PP-C;24;PP-C24;;;;;;
PP-D;1;PP-D1;SW-D;1;Ilha5;5;;
PP-D;2;PP-D2;SW-D;2;Ilha5;6;;
PP-D;3;PP-D3;SW-D;3;Ilha6;1;;
PP-D;4;PP-D4;SW-D;4;Ilha6;2;;
PP-D;5;PP-D5;SW-D;5;Ilha6;3;;
PP-D;6;PP-D6;SW-D;6;Ilha6;4;;
PP-D;7;PP-D7;SW-D;7;Ilha6;5;;
PP-D;8;PP-D8;SW-D;8;Ilha6;6;;
PP-D;9;PP-D9;SW-D;9;Ilha6;7;;
PP-D;10;PP-D10;SW-D;10;Ilha6;8;;
PP-D;11;PP-D11;SW-D;11;Ilha6;9;;
PP-D;12;PP-D12;SW-D;12;Ilha6;10;;
PP-D;13;PP-D13;SW-D;13;Sala4;1;;
PP-D;14;PP-D14;SW-D;14;Sala4;2;;
PP-D;15;PP-D15;SW-D;15;Sala4;3;;
PP-D;16;PP-D16;;;;;;
PP-D;17;PP-D17;;;;;;
PP-D;18;PP-D18;;;;;;
PP-D;19;PP-D19;;;;;;
PP-D;20;PP-D20;;;;;;
PP-D;21;PP-D21;;;;;;
PP-D;22;PP-D22;;;;;;
PP-D;23;PP-D23;;;;;;
PP-D;24;PP-D24;;;;;;
